<Item >

<type>Armor</type>

<Info>
<Name>Chainmail Armor</Name>
<Description>Just a simple suit of chainmail armor</Description>
<Slot>Chest</Slot>
<Type>Armor</Type>
<BaseDefense>6</BaseDefense>
<Resistance>0</Resistance>
<BonusDefense>0</BonusDefense>
<ResistanceType>None</ResistanceType>
</Info>

<Stats>
<Int>0</Int>
<Dex>0</Dex>
<Str>0</Str>
<Con>0</Con>
</Stats>


<Image>Resources/Items/Chain64/wand.bmp</Image>

<Entity>
<Sprite>Resources/Items/Chain64/chain.png</Sprite>
<Width>64</Width>
<Height>64</Height>
<Animfile>Resources/Items/Chain64/chain.anim</Animfile>
</Entity>

</Item>