<Item >

<type>Weapon</type>

<Info>
<Name>Dagger</Name>
<Description>The perfect weapon</Description>
<Slot>MainWeapon</Slot>
<Type>Weapon</Type>
<Range>1</Range>
<Damage>5</Damage>
<ToHitBonus>0</ToHitBonus>
<DamageBonus>0</DamageBonus>
<BaseDamageType>Piercing</BaseDamageType>
</Info>

<Stats>
<Int>0</Int>
<Dex>0</Dex>
<Str>0</Str>
<Con>0</Con>
</Stats>


<Image>Resources\Items\Dagger\wand.bmp</Image>

<Entity>
<Sprite>Resources\Items\Dagger\dagger.png</Sprite>
<Width>64</Width>
<Height>64</Height>
<Animfile>Resources\Items\Dagger\dagger.anim</Animfile>
</Entity>

</Item>