<?xml version="1.0"?>
<Character>
	<Info>
		<Name>Birmwin64</Name>
		<Class>Warrior</Class>
		<Race>Human</Race>
		<Gender>Male</Gender>
	</Info>
	<Attributes>
		<Int></Int>
		<Dex></Dex>
		<Str></Str>
		<Con></Con>
		<Spi></Spi>
	</Attributes>
	<GeneralStats>
		<Hp>9</Hp>
		<Sp>6</Sp>
		<Xp>0</Xp>
	</GeneralStats>
	<Entity>
		<Sprite>Resources/Characters/Birmwin64/base.png</Sprite>
		<Width>64</Width>
		<Height>64</Height>
		<Animfile>Resources/Characters/Birmwin64/baseanim.anim</Animfile>
	</Entity>
	<Equiped>
		<head />
		<chest>Resources/Items/Chain64/chain.xml</chest>
		<legs />
		<hand1 />
		<hand2 />
		<mainHand>Resources/Items/Dagger/dagger.xml</mainHand>
		<secondaryHand />
		<ammo />
	</Equiped>
	<Items />
</Character>
